{"cameraMode":{"drawMode":0,"name":"Shaded","section":"Shading Mode"},"sceneLighting":true,"audioPlay":false,"sceneViewState":{"m_AlwaysRefresh":false,"showFog":true,"showSkybox":true,"showFlares":true,"showImageEffects":true,"showParticleSystems":true,"showVisualEffectGraphs":true,"m_FxEnabled":true},"in2DMode":false,"pivot":{"x":73.09141540527344,"y":18.005477905273439,"z":58.722782135009769},"rotation":{"x":-0.024236181750893594,"y":0.6781887412071228,"z":-0.02238813042640686,"w":-0.7341482639312744},"size":14.860950469970704,"orthographic":false}